Litterakoodi;Litteraselite;Koodi;Selite;Määrä;Yksikkö;Työ €/h;Työ €/yks.;Työ €;Aine €/yks.;Aine €;Alih €/yks.;Alih €;Vmiehet €/yks.;Vmiehet €;Muu €;Summa
5530;Julkisivun pellitykset ja metalliverhoukset;55306011;Parvekeoven ulkopuoliset smyygipellitykset;184,80;jm;0,00;0;0,00;0,00;0,00;  13,42  ;2.480e+03;0,00;0.00;0.00;2480.20
4300;Puuovet;43003052;Kostean tilan väliovi VO-K 9 x 21;5.000e+01;kpl;0;0.000e+00;0,00;1.100e+02;  5500,00  ;0;0.000e+00;0.00;0.000e+00;  0,00  ;  5500,00  
4100;Puu- ja muovi-ikkunat, parvekeovet;4100301;PS: IK - (MEK)- Kiinteät ikkunat, m²-pohjainen;260.90;m2;0.000e+00;0,00;0;  0,00  ;0.000e+00;0,00;0;0.000e+00;0,00;  0,00  ;0.00
2250;Sokkelielementit / sokkelikuorielementit;2250181;PS: Kuorielementtien Putkikannatukset ja sitomiset, Teräs;0;erä;0.00;0,00;0;0.00;0.000e+00;0;0;0,00;0,00;0.00;0.00
6250;Saunojen tarvikkeet;6250401;Asuinhuoneiston SAUNAN varusteet ja tarvikkeet;  0,00  ;erä;  0,00  ;  0,00  ;0,00;0;0,00;0.000e+00;0,00;0,00;0;0,00;0.000e+00
4700;Kaiteet ja parvekelasitukset;47001030;Teräspinnakaide H=1200;64,00;jm;  0,00  ;0.000e+00;0,00;0.000e+00;  0,00  ;2.200e+02;14080.00;0,00;0.000e+00;0.00;14 080,00
4330;Metalliovet, -ikkunat ja lasiseinät;43307020;Parvekkeiden poistumistieluukut;0,00;kpl;0.000e+00;0;0.00;0;  0,00  ;0,00;  0,00  ;0;0,00;0,00;0,00
3170;Luhtikäyt.-,parveke-, parvekkeiden pielielementit;31708091;P-pilarielementtien asennus;12,00;kpl;3.800e+01;96,90;1.163e+03;22,48;269,70;0,00;0;  10,00  ;120.00;0,00;1552,50
2830;Sisäänkäyntitasot ja -katokset;28303275;RV-laatan betonointilisä;  2,40  ;m3;38,00;1.436e+01;  34,47  ;1.518e+02;364.32;0.00;0,00;0.00;0.000e+00;  0,00  ;398.79
5180;Bitumikatteet;51807014;Höyrynsulkukermi;555,23;m2;0,00;0,00;0.00;  0,00  ;  0,00  ;9.50;5 274,67;  0,00  ;0;0;5.275e+03
4700;Kaiteet ja parvekelasitukset;4700205;Parvekkeen Pinnakaide lasikaiteen päälle H=1050;0.00;erä;0.000e+00;  0,00  ;0.00;0,00;0.000e+00;  0,00  ;0;0,00;  0,00  ;0.000e+00;0,00
6700;Väestönsuojan varusteet;6700701;VSS-Valuosat ja Varusteet;  0,00  ;erä;0.000e+00;0,00;  0,00  ;0.00;0,00;0.000e+00;0;0,00;0.000e+00;0.000e+00;  0,00  
3170;Luhtikäyt.-,parveke-, parvekkeiden pielielementit;3170803;PS: P-Pilarielementti, 580 x 380, H=6040;1,00;kpl;  0,00  ;  0,00  ;  0,00  ;  0,00  ;0,00;0,00;0.000e+00;0,00;  0,00  ;1,00;1,00
7850;Palokatkot;7850501;Palokatkot + Sewatekit;0.00;erä;0,00;0,00;0,00;0.000e+00;0,00;0.00;0,00;0;0,00;  0,00  ;0,00
4330;Metalliovet, -ikkunat ja lasiseinät;43301510;MLS-Alumiinilasiseinä 8,2m x 13,8m;11,32;m2;0;0.000e+00;  0,00  ;  500,00  ;5658.00;0.000e+00;  0,00  ;  0,00  ;0;0;5658.00
6300;Laitteet ja kodinkoneet;6300102;Isompien huoneistojen KEITTIÖN laitteet;0;erä;0.00;0,00;0;0.00;0,00;0.00;0.000e+00;  0,00  ;0;0.00;  0,00  
0551;Rakennustyövakuutus;0551;Rakennustyövakuutus;  1,00  ;erä;0,00;0,00;  0,00  ;0;0,00;0;0,00;0.00;0.00;4000;4.000e+03
3020;Rungon teräsosat;30202021;Teräspilarin Päätylaput työstöineen;0,00;kg;0.00;0,00;0.000e+00;0;0,00;  0,00  ;0,00;0,00;0.000e+00;0,00;  0,00  
5530;Julkisivun pellitykset ja metalliverhoukset;55303012;Ulko-oven ulkopuoliset smyygipellitykset;23,60;jm;0.00;0.00;0.00;0,00;0;13,40;  316,24  ;0.00;0;  0,00  ;316.24
2500;VSS-rakenteet;2500101;VSS-AP1 : Maanvarainen alapohjalaatta 150TBmm + 50+50ER;0.00;m2;0,00;  0,00  ;0.000e+00;0;0.000e+00;0;0.000e+00;0;0.00;  0,00  ;  0,00  
4700;Kaiteet ja parvekelasitukset;4700203;Terassilasitus Koko korkeus;0;erä;0,00;0,00;0.000e+00;0,00;  0,00  ;  0,00  ;0,00;0,00;0,00;  0,00  ;  0,00  
3120;Ontelo-, Massiivi- ja tulppalaatat;3120201;PS: L-Massiivilaatta elementit TB240, PRSH 201 brm2, 193,53 nm2, 22 kpl;219;m2;0.000e+00;0,00;0.000e+00;0.00;0.00;  0,00  ;0;0.000e+00;0.000e+00;0,00;0,00
3700;Ullakko- ja kattorakenteet;3700772;Ullakon osuuden 48x98 koolaus + TS levytys,Rappauslevyn taakse;210.00;m2;0;0.000e+00;0,00;0;  0,00  ;0;  0,00  ;0.000e+00;0;2.000e+00;2,00
2830;Sisäänkäyntitasot ja -katokset;28304010;Kattopalkisto 48x123 k800, L=3600;8;kpl;  38,00  ;10.45;84;  9,50  ;  76,00  ;0.00;0.000e+00;0;0.000e+00;0,00;  159,60  
2200;Anturat ja perusmuurit;22005073;PV-MP-Seinien kasettimuottityö+purku+puhdistus;9.410e+02;m2;38;  19,00  ;  17880,04  ;0.000e+00;0;0.00;0,00;8,76;8.240e+03;0;26119,88
1200;Maankaivu;12001402;Kaluston lavettisiirrot;2,00;kpl;0,00;0;0.000e+00;0.00;0.00;2.500e+02;500,00;0,00;0,00;0.00;  500,00  
5540;Julkisivumuuraus;55401023;Muuraustarvikkeet, siilot;1,00;erä;0.000e+00;0.00;  0,00  ;0;  0,00  ;0,00;0,00;1.700e+02;1.700e+02;0.000e+00;170.00
5800;Maalaus- ja tasoitetyöt;5800100;Tasoite- ja maalausurakka kokonaisurakka-arvio;1;erä;  0,00  ;0.00;0,00;0,00;0,00;112 900,00;112 900,00;  0,00  ;0,00;0;1.129e+05
2200;Anturat ja perusmuurit;2200104;PS: Nauha-antura ( 650 x 1700 );22,40;jm;0;  0,00  ;0,00;0,00;0,00;  0,00  ;0,00;  0,00  ;0;0,00;0.00
6200;Varusteet;62002021;Sisäpuoliset PP-Telineet, 84kpl kattotelineitä;90;kpl;38.00;1.351e+01;1216.00;112,00;1.008e+04;0.000e+00;0,00;0.00;0.000e+00;0;11 296,00
2830;Sisäänkäyntitasot ja -katokset;28303277;RV-laatan eristys EPS 100 LATTIA 100mm;14.49;m2;38,00;6.38;92,48;6.530e+00;94,62;0,00;0.000e+00;0,00;0,00;0,00;187.10
3170;Luhtikäyt.-,parveke-, parvekkeiden pielielementit;31708101;CP-pilarielementtien asennus;  51,00  ;kpl;38,00;  72,20  ;3 682,20;2.248e+01;1.146e+03;0;  0,00  ;10.00;  510,00  ;0,00;  5338,43  
5600;Pintabetonilattiat;5600103;VSS holvin kelluva pintalaatta TB100 + 200ER;0.00;erä;0.00;0.000e+00;0.00;0.000e+00;0,00;0.000e+00;0;0,00;0,00;0,00;0,00
6120;Märkätilojen kalusteet;61202010;PSH-Valaisinpeilikaappi;  48,00  ;kpl;36,00;12.60;6.048e+02;225.00;10 800,00;0,00;0;  0,00  ;0,00;0,00;1.140e+04
3700;Ullakko- ja kattorakenteet;3700731;Vesikaton Kattoluukku 600x600;0.000e+00;erä;  0,00  ;  0,00  ;  0,00  ;0.000e+00;0;0,00;0.000e+00;0.00;0;0,00;0,00
5530;Julkisivun pellitykset ja metalliverhoukset;55303015;Metalliulko-oven vesipelti, riisipelti;5.00;jm;0,00;0.000e+00;0,00;0.000e+00;0,00;  39,90  ;1.995e+02;0,00;0,00;0,00;199.50
5690;Mattolattiat pohjatöineen;5690105;Muovimatto esim. Upofloor Estrad, VAALEAN HARMAA;0,00;erä;0.00;  0,00  ;0,00;0,00;0;0,00;0.00;0,00;0.000e+00;0;  0,00  
5110;Vesikattovarusteet, tikkaat yms.;51101017;Parvekkeiden sisäpuolinen vedenpoisto;0.000e+00;erä;0,00;0;0;0,00;0.00;  0,00  ;0.000e+00;0,00;  0,00  ;  0,00  ;0.000e+00
5245;Yleisten tilojen laatoitukset;52452013;Lattialaatoituksen vesieriste;0,00;m2;0,00;0.000e+00;0.000e+00;0,00;0,00;  0,00  ;0.000e+00;0,00;  0,00  ;0,00;0
1800;Ulkovarusteet;18001013;Tomutusteline, kuivatustelineet;0.00;erä;0,00;0,00;0,00;0.000e+00;0;0;  0,00  ;0.00;  0,00  ;0.00;0,00
5730;Puualakatot;57301018;Paneeloidun katon varjolistoitus;  448,50  ;jm;0.00;0.000e+00;0,00;0;0,00;5.50;2466.75;0;0.00;0.000e+00;2.467e+03
5245;Yleisten tilojen laatoitukset;52452012;Lattialaatoitus 300x600;41;m2;3.200e+01;  0,64  ;26;3.640e+01;1491.13;30,00;  1228,95  ;0.00;0.000e+00;0;  2746,30  
3110;Väliseinäelementit;31101011;V- Elementtien pystysaumasbetonit;119;kpl;0;0,00;0.000e+00;14,80;  1761,20  ;0,00;0,00;0.000e+00;0,00;0.000e+00;1761.20
2600;Maanvaraiset alapohjat;26001070;MV-laatan hierto;417.06;m2;0.000e+00;0.000e+00;0,00;0,00;0,00;7,35;3.065e+03;0,00;  0,00  ;0;3065
3700;Ullakko- ja kattorakenteet;37007030;Vesikaton TYÖURAKKA;555.23;m2;38,00;23;1.298e+04;  0,00  ;0.00;  0,00  ;0.000e+00;  0,00  ;0,00;0;1.298e+04
4520;Kipsialakatot;45202015;Alaslaskun tarkastusluukut ( asennus levykattoon );0.000e+00;kpl;0.00;0.000e+00;0.000e+00;0.000e+00;0,00;0,00;0.00;0.00;0.000e+00;0,00;0,00
4300;Puuovet;43003010;Väliovet, ASENNUS;61.00;kpl;0,00;0.000e+00;0,00;2;122,00;44,04;2 686,44;0;0,00;0.00;2808.44
3550;Ulkoseinät elementteinä, puu;35502078;Puuelementtien rahtikulut;70;kpl;0.00;0;0,00;0.000e+00;0,00;6.000e+01;  4200,00  ;0.00;  0,00  ;0.000e+00;4 200,00
9230;Työmaan vartiointi;92302301;Työmaa-aikainen vartiointi;1,00;kk;0,00;0,00;0,00;  0,00  ;0.00;  488,00  ;488,00;  0,00  ;0.000e+00;0;488
8150;Työmaa-alue , aitaukset ja mainoskilvet;81501502;Työmaan Mainoskilvet;1.00;erä;38;288.34;288,34;  854,00  ;854,00;0,00;0.000e+00;0,00;0,00;0.000e+00;1142
2250;Sokkelielementit / sokkelikuorielementit;2250161;PS: Sokkelielementtien kiinnitys Reunavalulla (Leveys X Korkeus );45;m2;0.00;0.00;0.000e+00;0.00;0;0,00;0,00;0.00;0,00;0;0.00
5180;Bitumikatteet;51801025;Vesikatteen värillisten pintakermien ( K-PS 170-5000) lisähinta;705;m2;0,00;  0,00  ;0;0;  0,00  ;0,00;0,00;0,00;0,00;0.00;  0,00  
5350;Akustoivat alakatot;53501010;Avattava ja akustoiva katto T-listoilla 600x600, asennettuna;153.16;m2;0;0;0.00;  0,00  ;0,00;40,00;6126,34;0.000e+00;0;  0,00  ;6126.34
6110;Huoneistojen kalusteet;61101010;Kalusteiden lisätoimitukset ja -hinnat, LISÄTYÖVARAUS;1.000e+00;erä;0,00;  0,00  ;0;0;0;0.00;0;  0,00  ;0,00;  0,00  ;0
3020;Rungon teräsosat;3020520;PS:PETRA-Palkit;  0,00  ;erä;0;0,00;  0,00  ;0,00;  0,00  ;0;0,00;0;0;0,00;0,00
2500;VSS-rakenteet;25003350;VSS-Betonipintojen paikkaus;  250,15  ;m2;38,00;3.800e+00;9.505e+02;0.50;125.07;0.000e+00;  0,00  ;0.00;  0,00  ;0.00;1 075,63
4520;Kipsialakatot;45202503;Alaslaskun tarkastusluukut ( asennus levykattoon ) EI30;0.000e+00;kpl;0;0.00;0,00;0,00;0.00;  0,00  ;0,00;0,00;0,00;0.00;0,00
3150;Porraselementit;31505013;Porraselementti Elemento 1;5,00;kpl;0.000e+00;  0,00  ;0,00;  2640,00  ;13 200,00;0;0.000e+00;0;0,00;0,00;13200
5240;Märkätilojen laatoitukset;52401012;Seinälaatoituksen saniteettisilikonit;951;m2;0,00;  0,00  ;0;1.080e+00;1030;1.000e+00;951;0,00;0,00;0;1981,65
2200;Anturat ja perusmuurit;22001970;Nauha-anturan muotitus;260,31;m2;38,00;27;  7023,16  ;0.00;0.000e+00;0,00;0,00;3,20;832.99;  0,00  ;  7856,16  
4330;Metalliovet, -ikkunat ja lasiseinät;4330803;TVO-  Teräksinen väliovi [EI30] 10x21;0,00;erä;0,00;0,00;  0,00  ;0.00;  0,00  ;0.000e+00;0.00;0,00;0.000e+00;0,00;0.00
8200;Työaikaiset rakenteet  LVIS;82002001;Väliaikaiset LVI-työt;  11,00  ;kk;38.00;62,18;684,00;195.45;2 150,00;53;5.850e+02;0.00;  0,00  ;0,00;3419
3020;Rungon teräsosat;30202916;Kiinnityslatat Teräsputkipalkki, Suorakaide, k xxx lisähintavaraus;  0,00  ;kpl;0,00;  0,00  ;0.00;0.00;0,00;0;0,00;0,00;0.000e+00;  0,00  ;0,00
2600;Maanvaraiset alapohjat;26001072;MV-laatan raudoitus;1626,53;kg;0,82;0,85;1387.11;8.300e-01;1341.89;0;0,00;0.000e+00;0,00;0;2.729e+03
5560;Julkisivun puu- ja levyverhoukset;5560107;Ikkunan ulkopuoliset puiset smyygiverhoilut;0;jm;0;0,00;  0,00  ;0,00;0,00;0;0.00;0.000e+00;  0,00  ;0,00;0,00
6200;Varusteet;62002022;LMJKH-varusteet;1,00;erä;0,00;0;0;500;  500,00  ;  0,00  ;0,00;  0,00  ;0.000e+00;0,00;  500,00  
6120;Märkätilojen kalusteet;61202023;INVA WC + PUKUHUONE- Varustus, Valaisinpeili ja allaskaluste, Penkki naulakko;1.000e+00;kpl;  36,00  ;2.160e+02;  216,00  ;1 500,00;1.500e+03;0.00;0,00;0,00;0.00;0;1.716e+03
3120;Ontelo-, Massiivi- ja tulppalaatat;31202212;O37 + O37K - Ontelolaatta TB370, O37=194 kpl, O37K=109 kpl;2072.50;m2;0;0;0.000e+00;54,00;111915.00;0.000e+00;  0,00  ;0;0.00;0.000e+00;111915,00
3550;Ulkoseinät elementteinä, puu;35502071;Puu-ulkoseinäelementin asennus 2 KRS;0,00;kpl;0.00;0.000e+00;0,00;0.000e+00;0.00;0.00;0,00;0.000e+00;0,00;0,00;0,00
6200;Varusteet;6200150;Verholauta + kisko;0.00;erä;0.00;0,00;0,00;0;0.000e+00;0;0,00;0;0.00;0;0,00
6120;Märkätilojen kalusteet;6120202;INVA WC + PUKUHUONE- Varustus, Valaisinpeili ja allaskaluste, Penkki naulakko;0,00;erä;0,00;  0,00  ;0.00;0,00;0,00;0.00;  0,00  ;0.000e+00;  0,00  ;0.00;0
3550;Ulkoseinät elementteinä, puu;35502010;Puu-ulkoseinäelementti (US01/ US02 /US04 /US05 /US07);1762;m2;0;0.00;  0,00  ;0.000e+00;0;56.00;9.867e+04;0.00;0,00;  0,00  ;98672,00
5710;Saunat;5710101;AL-paperi Koolaus + Saunojen paneloinnit;5.645e+01;m2;0,00;  0,00  ;0,00;0.00;0;  0,00  ;0.00;0.00;0.000e+00;0;0
3170;Luhtikäyt.-,parveke-, parvekkeiden pielielementit;3170710;PS: CL-Kiila-Parvekelaatta TBxxx, syvyys xxxm, Hox poistumisluukut!;178,70;m2;0,00;  0,00  ;0,00;0,00;0.000e+00;0;  0,00  ;0.00;0;0.000e+00;0,00
3700;Ullakko- ja kattorakenteet;37007018;Tuulenohjaimet;56;jm;3.800e+01;5.32;298;2.44;  136,75  ;0,00;0.000e+00;0.000e+00;0.000e+00;  0,00  ;435
5660;Parketti ja laminaatti;5660101;Asuinhuoneiden Laminaattilattiat L01;1.921e+03;m2;0.00;0;0;0.00;0,00;0;0,00;0,00;  0,00  ;2.07;  2,07  
3170;Luhtikäyt.-,parveke-, parvekkeiden pielielementit;31707102;CL-Kiila-Parvekelaatta TB240, pielikannatteinen, Poistumisluukullinen;0,00;m2;0;  0,00  ;0.000e+00;0,00;0,00;0.00;0.000e+00;  0,00  ;0.000e+00;0.00;0.000e+00
4700;Kaiteet ja parvekelasitukset;47002031;Terassilasitus Koko korkeus  ML1;0,00;jm;0;0.000e+00;0.00;  0,00  ;0,00;0,00;0,00;0;0.00;0.00;0,00
6120;Märkätilojen kalusteet;6120201;PSH- Kalusteet, Valaisinpeili ja allaskaluste;0,00;erä;0.00;0,00;0,00;0,00;0,00;0.000e+00;0,00;0;0.000e+00;0;0.000e+00
3700;Ullakko- ja kattorakenteet;37007301;Ullakon kulkusilta 4x48x123;20,00;jm;3.800e+01;19,00;380,00;13,00;2.600e+02;0.00;  0,00  ;0.00;0.00;0,00;640
4520;Kipsialakatot;4520201;Alaslaskettu kipsikatto, tavanomainen;  403,15  ;erä;0,00;0;0.000e+00;0;  0,00  ;0.00;0.00;0.00;0,00;  0,64  ;0.64
1800;Ulkovarusteet;18001014;Pihan Roska-astiat;  0,00  ;erä;0.00;0;0,00;0;0,00;0,00;0;  0,00  ;0,00;0;  0,00  
3600;Kattotasot ja parvekkeet;36007702;Seinävierustan vedeneristemassaus ElaProof;0,00;jm;0;0;0,00;0;0,00;0,00;0.000e+00;0.000e+00;0,00;0,00;0
5110;Vesikattovarusteet, tikkaat yms.;51101012;Katon talotikkaat;0,00;kpl;0.000e+00;0,00;0.000e+00;  0,00  ;0;0.000e+00;0.000e+00;0,00;  0,00  ;0,00;0,00
2200;Anturat ja perusmuurit;22002072;Pilarin suojavalubetonointi;3,00;kpl;38,00;7.600e+00;22,80;5,00;15,00;0,00;  0,00  ;  0,00  ;0.000e+00;  0,00  ;38
1200;Maankaivu;12005052;Sisätäytön tiivistäminen;2871;m2;  0,00  ;0,00;0.00;  0,00  ;0,00;2.18;6265.80;0.00;0;0,00;6265.80
5180;Bitumikatteet;5180102;YP 1 : Pukkiristikko-osuuden Bitumikate;705,00;m2;0.000e+00;0,00;  0,00  ;0;  0,00  ;0.000e+00;0,00;0.000e+00;0,00;0;0,00
3170;Luhtikäyt.-,parveke-, parvekkeiden pielielementit;3170801;PS: P-Pilarielementti, 280 x 280, H=2720, Parvekepilarit;5,00;kpl;0.00;  0,00  ;0,00;0.00;0.000e+00;0;0.000e+00;0;0,00;  5,00  ;5
3700;Ullakko- ja kattorakenteet;37007013;Kattopintojen Raakaponttilaudoitus / OSB-levytys;5.660e+02;m2;0;0,00;0,00;10.40;5.886e+03;0.000e+00;0.00;  0,00  ;0,00;0.000e+00;5.886e+03
6200;Varusteet;6200102;Parvekkeiden varusteet;  0,00  ;erä;0;  0,00  ;0.000e+00;  0,00  ;0,00;0;0,00;0,00;0,00;0;0,00
3600;Kattotasot ja parvekkeet;36003170;Terassimatot parvekkeille;178.70;m2;0.000e+00;0.00;0,00;0.000e+00;0,00;10.00;1 787,00;0.000e+00;0,00;0.00;1787.00
2830;Sisäänkäyntitasot ja -katokset;28303577;Terassin runko, Kestopuu 48x173 k600;  13,46  ;m2;38,00;4,56;61;10;  131,00  ;0,00;0;0,00;0;0,00;192,37
8400;Työkalut ja -välineet;84004002;Vuokrakoneet vuokraamosta;  3307,50  ;brm2;0,00;0,00;0,00;0;0,00;0.00;0.000e+00;6,19;20461;0,00;2.046e+04
2200;Anturat ja perusmuurit;2200501;PS: PV-Maanpaineseinät TB200;4.705e+02;m2;0.00;0,00;  0,00  ;0;0.000e+00;0.000e+00;0,00;0;  0,00  ;0.00;0
2500;VSS-rakenteet;25001501;VSS-kuilun betonointi;0.000e+00;m3;0.000e+00;0.00;0,00;0;0.00;0;0.000e+00;0,00;  0,00  ;0,00;0.000e+00
4330;Metalliovet, -ikkunat ja lasiseinät;43330893;Metallisen välioven kynnyspellitys;  8,00  ;jm;0.000e+00;0.00;0.00;0,00;0,00;40;319;  0,00  ;0,00;0,00;319,20
5570;Elastiset saumaukset;55705540;Liikuntasaumojen elastiset saumamassaukset;0.00;jm;0,00;0,00;0.00;  0,00  ;0.00;0.000e+00;0,00;0.00;0;0.000e+00;0
8200;Työaikaiset rakenteet  LVIS;82002003;Työmaakeskukset ja -valaisimet;11,00;kk;0.000e+00;0,00;0,00;  0,00  ;0.00;  0,00  ;0;220.00;2.420e+03;0.000e+00;2420
2830;Sisäänkäyntitasot ja -katokset;2830370;PS: Teräspalkki IPE100, L=3000;1,00;kpl;  0,00  ;0.000e+00;0;0,00;0,00;0;0.000e+00;0,00;  0,00  ;0;  0,00  
9700;Työntekijöiden palkanlisät;97007001;Työntekijöiden Matkakulut ja majoituskulut;1,00;kk;  136,00  ;1 088,00;1.088e+03;0.00;0,00;  0,00  ;0.000e+00;  0,00  ;0.000e+00;0,00;1.088e+03
2200;Anturat ja perusmuurit;22001079;Laastikallistus sokkelin juureen;6.653e+01;jm;38,00;  4,75  ;316.01;  8,00  ;  532,23  ;0.00;0,00;0,00;  0,00  ;0.000e+00;8.482e+02
5560;Julkisivun puu- ja levyverhoukset;556027513;Palosuojakäsittely paneelille;  0,00  ;m2;0,00;  0,00  ;0,00;0,00;0,00;0;0,00;  0,00  ;0,00;0.000e+00;0,00
2500;VSS-rakenteet;2500120;VSS-Ulkoseinät 300mm;82;m2;0;  0,00  ;0.000e+00;  0,00  ;0;  0,00  ;0.00;0,00;0;0,00;0,00
2250;Sokkelielementit / sokkelikuorielementit;22501673;Reunavalukiinnityksen betonointi;2.680e+00;m3;3.800e+01;  14,44  ;39;1.298e+02;3.472e+02;0;0,00;  0,00  ;  0,00  ;0;385.86
6110;Huoneistojen kalusteet;61101013;Kalusteiden haalaukset asuntoihin;1;erä;0,00;  0,00  ;  0,00  ;  0,00  ;0,00;  6000,00  ;6 000,00;  0,00  ;0,00;0.00;6000
5800;Maalaus- ja tasoitetyöt;5800201;Ulkoverhouksen maalaus;0,00;m2;0.00;0.00;0.000e+00;0.00;0,00;0;0,00;0.00;0.000e+00;0;0
1200;Maankaivu;1200101;Tilavuuskaivu, kuljetus ja vastaanottomaksu;0;erä;0,00;0,00;  0,00  ;0,00;0.00;0;0;0;0.000e+00;0.000e+00;0.000e+00
2200;Anturat ja perusmuurit;22006073;PV-pilasterin betonointi;  0,39  ;m3;38,00;18,24;7.140e+00;123.90;48.53;0,00;0;0.000e+00;0,00;0.000e+00;  55,67  
2250;Sokkelielementit / sokkelikuorielementit;2250101;PS: KE- Sokkelikuorielementit H=700mm, TB120;10,28;m2;0.000e+00;0;0.000e+00;0.00;0,00;0.00;0,00;0.000e+00;0.00;0.00;0,00
5600;Pintabetonilattiat;56001035;PB-laatan raudoitus;1614;kg;0.00;0,00;0.00;0,00;0,00;2.00;3227,97;0.00;0;0,00;3.228e+03
4300;Puuovet;4300301;Väliovi VO  7/10x21, laakaovi, karmi 92mm;0.000e+00;erä;0,00;0.00;0;0.000e+00;0,00;0;0,00;0,00;0,00;0,00;0.00
5245;Yleisten tilojen laatoitukset;52452014;PRSH laatoituksen alle askeläänimatto;0.00;m2;0.00;0.00;0.00;0,00;  0,00  ;  0,00  ;0,00;0,00;0,00;0,00;0,00
1730;Asfaltointi;17301910;Asfalttialueiden profilointi 0-50mm, KaM 0-20/32, Valitse määrä!;523.38;m2;0.000e+00;0,00;  0,00  ;0,00;  0,00  ;4,50;2355.21;0.00;0;0;2 355,21
3170;Luhtikäyt.-,parveke-, parvekkeiden pielielementit;31708032;PS: P-Pilarielementti, 580 x 380, H=6040;1.000e+00;kpl;0;0,00;0.00;700.00;  700,00  ;  0,00  ;0;0,00;0.00;0,00;700.00
2830;Sisäänkäyntitasot ja -katokset;28303574;Terassin kannatus etulaidasta, Kestopuu 48x173;12,00;m2;38,00;  5,70  ;68;6,05;72,60;0;0,00;0.00;0,00;  0,00  ;141,00
2080;Perustusten vedeneristys;20801033;MP seinän pystyeriste EPS 120 PRO ROUTA, maata vasten 50mm;100;m2;38,00;6.35;633,29;4.090e+00;408.55;0.000e+00;0;0.000e+00;0,00;0.000e+00;1041.84
0365;Energiatehokkuus;0365;Energialaskenta, -simulointi ja tiiveysmittaus;1.000e+00;erä;0.00;0.00;  0,00  ;  0,00  ;  0,00  ;1500.00;1500.00;0;0,00;0,00;  1500,00  
5110;Vesikattovarusteet, tikkaat yms.;51101019;Kantikkaat Verhouspellit sadevesikourujen päälle;  0,00  ;jm;0,00;0,00;0,00;  0,00  ;0,00;0.000e+00;  0,00  ;0;0.00;  0,00  ;0
4330;Metalliovet, -ikkunat ja lasiseinät;43303050;SPI-Savunpoistoikkunat;  3,00  ;kpl;  0,00  ;0,00;0;0,00;  0,00  ;  1000,00  ;3000;0.00;0,00;0;3000,00
8500;Työmaan käyttötarvikkeet;85005001;Työmaan käyttötarvikkeet;3008;brm2;0,00;0,00;  0,00  ;1,48;4 465,00;0,00;0.00;0.00;0,00;  0,00  ;4465.00
5600;Pintabetonilattiat;56001031;PB-laatan betonointi;61,63;m3;38;  15,96  ;983.54;160,60;9 896,98;0;0.000e+00;0.000e+00;0.000e+00;0;10881
3700;Ullakko- ja kattorakenteet;37007211;Palokatkoseinän Kulkuluukku EI30, 9x9;0,00;kpl;0.00;0;0.00;0,00;0.00;  0,00  ;0;0,00;0.00;0,00;0.000e+00
2830;Sisäänkäyntitasot ja -katokset;28303706;Kiinnityslatat IPE k xxx lisähintavaraus;21.00;kpl;0,00;  0,00  ;0.000e+00;0,00;0.000e+00;  10,00  ;210,00;0,00;0;0.000e+00;210
1200;Maankaivu;12006014;Liikennealueen Jakava kerros, tiivistetyt kuutiot;0,00;m3;0,00;0.00;0.00;0;0,00;0,00;0.00;0.000e+00;0.00;0.000e+00;0,00
4300;Puuovet;43003060;Saunan lasioven ASENNUS;17.00;kpl;  0,00  ;0.000e+00;  0,00  ;2.00;  34,00  ;67,04;  1139,68  ;0,00;0.00;0;1.174e+03
3700;Ullakko- ja kattorakenteet;37007322;SP-ikkunakorokkeen puurunko 48x198 k600;9,00;m2;3.800e+01;19,95;  179,55  ;14.13;127.18;0,00;0;0,00;  0,00  ;0.000e+00;  306,73  
2200;Anturat ja perusmuurit;22002076;Pilarianturan vaakaeriste 100S 100mm;1,00;m2;38;6.350e+00;6.350e+00;6.530e+00;6.53;  0,00  ;0.00;0.00;0.000e+00;0,00;  12,88  
9120;Kopiot, IT-, AV-, tstotarvike, Huoltokirja;91201201;Huoltokirja-aineisto;1.000e+00;erä;0.000e+00;0,00;0.00;0,00;0,00;2400;  2400,00  ;0;0,00;0,00;2 400,00
3700;Ullakko- ja kattorakenteet;37007310;Kattoluukku 600x600: lankkukehys/vanerikansi pellitettynä;2,00;kpl;  0,00  ;0;0.00;  0,00  ;0,00;1.500e+02;3.000e+02;0,00;0,00;  0,00  ;3.000e+02
6120;Märkätilojen kalusteet;61202012;PSH-Pyykkikaappi, POLARIA PYK 400/S5300;4.300e+01;kpl;36.00;21.60;928,80;2.400e+02;  10320,00  ;0,00;0,00;0,00;0;0.000e+00;11249
4520;Kipsialakatot;45202507;Alaslaskettu kipsikatto, EI30 Otsapinnat ALIURAKKANA;0,00;jm;0,00;0;0.000e+00;0.000e+00;0,00;0,00;0;  0,00  ;0.000e+00;  0,00  ;0,00
2830;Sisäänkäyntitasot ja -katokset;28303606;Kiinnityslatat UPE k xxx lisähintavaraus;  0,00  ;kpl;0,00;0.000e+00;0.000e+00;0.000e+00;  0,00  ;  0,00  ;0.000e+00;0;  0,00  ;0,00;0
3500;Ulkoseinät;3500921;US-kipsilevytys+ 50mm villa;8.434e+02;m2;0.00;0.000e+00;  0,00  ;  0,00  ;0;10;8 855,92;0,00;0.00;0,00;8.856e+03
3120;Ontelo-, Massiivi- ja tulppalaatat;31202012;Massiivilaatta L- TB 240;219;m2;0.00;  0,00  ;0.00;  120,00  ;26234,40;0.000e+00;0,00;0,00;0;0.00;  26234,40  
3170;Luhtikäyt.-,parveke-, parvekkeiden pielielementit;31707010;M-Pielielementtien asennus;11,00;kpl;38;60,80;669;  12,48  ;137.23;0,00;0,00;7.500e+00;82,50;  0,00  ;889
3700;Ullakko- ja kattorakenteet;37007012;Katon poikoset ja päätylankku;28;jm;0,00;  0,00  ;0.00;2.88;80,64;0.00;0,00;0,00;0;0,00;81
3150;Porraselementit;31505012;Porraselementtien juotosbetonointi;0,25;m3;3.800e+01;3.040e+02;7.600e+01;163;41;0.000e+00;0,00;  0,00  ;0;0.00;  116,70  
2200;Anturat ja perusmuurit;22005071;PV-MP-seinän betonointi;1.128e+02;m3;  38,00  ;14,82;  1670,98  ;1.239e+02;1.397e+04;0.000e+00;  0,00  ;0.00;0.000e+00;0,00;15 640,93
2200;Anturat ja perusmuurit;2200106;PS: Nauha-antura ( 650 x 2000 );  32,80  ;jm;0,00;0,00;0.00;  0,00  ;0,00;  0,00  ;0.000e+00;0.00;0.000e+00;0;0.00
3130;Kuorielementit (SK,RK);31303010;SK-seinäelementtien asennus + ulkopuolen tilkkaukset;  64,00  ;kpl;3.800e+01;1.013e+02;6 486,14;37,65;2409,60;0,00;0,00;7,50;480,00;0.000e+00;9376
5710;Saunat;57101013;Saunojen sisäverhouspanelointi ALIURAKKANA, Sävytetty kuusipaneeli + sis.SAUNASUOJA;302;m2;0,00;  0,00  ;0,00;24,74;7461;21;6332;0;0,00;0.00;13792,06
3120;Ontelo-, Massiivi- ja tulppalaatat;31201905;Viemärin painelaatikoiden työ;6;kpl;38,00;114;  684,00  ;0,00;0,00;  0,00  ;0,00;  0,00  ;0.00;0,00;684,00
5180;Bitumikatteet;51801022;Tippapelti pural 0,5mm asennettuna LL=178-208mm;25.00;jm;0,00;0,00;  0,00  ;0,00;0,00;13,00;325;0,00;0,00;0.00;325,00
2830;Sisäänkäyntitasot ja -katokset;28303502;Teräspilarin asennus;4.00;kpl;3.800e+01;10,93;4.370e+01;0,00;0;  0,00  ;0.00;0,00;0,00;0,00;44
3550;Ulkoseinät elementteinä, puu;35502073;Puu-ulkoseinäelementin asennus Ullakko;0,00;kpl;0.00;0,00;0,00;0,00;0;  0,00  ;0.000e+00;0.00;0.00;0,00;0
5240;Märkätilojen laatoitukset;52401031;Lattialaatoitus 100x100;302.16;m2;0.000e+00;0,00;0.00;16;4985.62;36,00;1.088e+04;0.000e+00;  0,00  ;0,00;15863.33
8330;Torninosturit, ristikkopuominosturit;83303301;Torninosturi MD 285;4.500e+00;kk;  43,00  ;7310;32 895,00;0,00;0.000e+00;0.00;0,00;10867;4.890e+04;0;8.180e+04
8700;Työmaan jätemaksut ja kuljetukset;87007003;Työmaan Jätelavavuokrat;11.00;kk;0,00;0;0.00;0;  0,00  ;0;0,00;  30,00  ;330,00;0.000e+00;330.00
3120;Ontelo-, Massiivi- ja tulppalaatat;31202094;Ontelokentän PV-kaistat muotitus;1.450e+02;m2;38.00;5,70;8.265e+02;  18,69  ;  2710,52  ;0.000e+00;0.000e+00;  0,00  ;0;0,00;3537,02
3120;Ontelo-, Massiivi- ja tulppalaatat;31202010;Massiivilaattojen asennus, sis.tukkolautojen asennuksen;25,00;kpl;38;64.60;1615,00;13,25;3.312e+02;0.000e+00;0;0,00;  0,00  ;0,00;1946,25
5710;Saunat;57101012;Paneelikattojen alaslaskurungot ALIURAKKANA;5.645e+01;m2;0.00;0.000e+00;0,00;10,43;5.888e+02;2.363e+01;1 333,75;0;0,00;0,00;1.923e+03
2600;Maanvaraiset alapohjat;26001071;MV-laatan betonointi;3.336e+01;m3;0,00;0.000e+00;0;0;0.000e+00;1.755e+02;5854.85;0.00;0.000e+00;0,00;5854,85
5110;Vesikattovarusteet, tikkaat yms.;51101013;Katon lumiesteet;0.000e+00;jm;  0,00  ;  0,00  ;0;0.00;0;0,00;0.000e+00;0.000e+00;0.000e+00;  0,00  ;0,00
3020;Rungon teräsosat;30205281;PETRA 265-1200;0,00;kpl;0.000e+00;0,00;0,00;0,00;  0,00  ;0.000e+00;0,00;0.000e+00;0,00;0.000e+00;0
3700;Ullakko- ja kattorakenteet;37007323;SP-ikkunakorokkeen villoitus 200mm, nm2;9.00;m2;0,00;0.000e+00;0;8.860e+00;79,70;0.000e+00;0;0,00;0;0,00;7.970e+01
9240;Siivous ja raivaus;92402402;Työmaa-aikainen Siivous ja raivaus;8.00;kk;0;0.000e+00;0.000e+00;150,00;1 200,00;  4800,00  ;  38400,00  ;0.00;  0,00  ;  0,00  ;39600,00
1800;Ulkovarusteet;18001001;Leikkiset, leikkivälineet;1;erä;0.000e+00;0;0.000e+00;0,00;0,00;  1800,00  ;1800,00;0,00;0.000e+00;0.00;1800.00
5710;Saunat;57101011;Saunan SPU:t + Koolaukset ALIURAKKANA;0,00;m2;0.00;0,00;0.000e+00;  0,00  ;0.00;0,00;  0,00  ;0,00;0.000e+00;0.000e+00;0
3550;Ulkoseinät elementteinä, puu;3550201;Puu-ulkoseinäelementit (US01/ US02 /US04 /US05 /US07) asennettuna;0,00;m2;0,00;0,00;0,00;0;0.000e+00;  0,00  ;0.000e+00;0.00;  0,00  ;0.00;  0,00  
5110;Vesikattovarusteet, tikkaat yms.;51101014;Katon ankkurit;0,00;kpl;0.000e+00;  0,00  ;0.00;  0,00  ;0.000e+00;0,00;0;0,00;  0,00  ;0,00;0.000e+00
3700;Ullakko- ja kattorakenteet;3700750;Hissikuilun yläkupin eristys;1;erä;0;0,00;0.00;0.00;  0,00  ;0,00;0;0.00;0;  0,10  ;0,10
3700;Ullakko- ja kattorakenteet;37007325;SP-ikkunakorokkeen HS + 2xKPS-levytys;  9,00  ;m2;38,00;31,92;287,28;1.713e+01;154,17;  0,00  ;0;0.000e+00;0;0.00;441.45
5350;Akustoivat alakatot;5350101;AK 4 : Avattava ja akustoiva katto T-listoilla 600x600, 2-3 KRS PRSH;0,00;erä;0.000e+00;  0,00  ;0.00;0.00;0;0,00;0;0;0,00;  0,00  ;0,00
2200;Anturat ja perusmuurit;22002070;Pilarin suojavalumuotitus;3,00;kpl;38.00;  7,60  ;22.80;  5,00  ;  15,00  ;0;0.000e+00;0.00;  0,00  ;0,00;  37,80  
4700;Kaiteet ja parvekelasitukset;47002020;Parvekkeen Lasikaide H=1050,;165;jm;0,00;0.00;0,00;0,00;0.00;250;41250,00;0;0.00;0,00;  41250,00  
3020;Rungon teräsosat;30202911;Teräsputkipalkki Suorakaide,  ( Sivu x Sivu x Paksuus) L=xxxx;  0,00  ;kg;0,00;0,00;  0,00  ;0,00;0,00;  0,00  ;  0,00  ;0.00;0,00;0.000e+00;0,00
3020;Rungon teräsosat;30202022;Teräspilarin Muut reiät ja työstöt;0,00;kpl;0;  0,00  ;  0,00  ;  0,00  ;0.000e+00;0;0.00;0,00;0.00;0,00;0,00
3110;Väliseinäelementit;3110101;PS: V- Väliseinäelementit TB180, 184,51 brm2, 148,57 nm2, 12 kpl;184,51;m2;0.000e+00;0.000e+00;0,00;0.000e+00;0;  0,00  ;0,00;0;0,00;0,00;0.000e+00
2250;Sokkelielementit / sokkelikuorielementit;22501671;Reunavalukiinnityksen muotitus;17,83;m2;38;24.89;  443,90  ;2.894e+01;516,11;0.000e+00;0;  0,00  ;0.00;0.000e+00;  960,01  
3700;Ullakko- ja kattorakenteet;37007324;SP-ikkunakorokkeen OSB-levytys;  9,00  ;m2;  38,00  ;7.98;  71,82  ;  9,85  ;89;0,00;0.000e+00;0;0;0.000e+00;160
2600;Maanvaraiset alapohjat;26001079;MV-laatan eristys EPS 100 LATTIA 100mm;0.00;m2;0,00;0,00;  0,00  ;0,00;0,00;0;0;0,00;0,00;0.000e+00;0
2830;Sisäänkäyntitasot ja -katokset;28303271;Ulkop.-laatan betonointi;2,32;m3;  38,00  ;1.436e+01;33.29;159;3.678e+02;0,00;0,00;0;0,00;0,00;401.12
4300;Puuovet;4300305;Kostean tilan väliovi VO-K 9 x 21;0.000e+00;erä;0.000e+00;0.000e+00;  0,00  ;0.000e+00;0.000e+00;0,00;  0,00  ;0.00;0,00;0,00;0,00
5560;Julkisivun puu- ja levyverhoukset;55603016;Ulkoseinän pystykoolaus levytyksen taakse, 25x100 k600 ALIURAKKANA;0;m2;0;0;0.00;0.000e+00;0.000e+00;0,00;  0,00  ;0.00;0.00;  0,00  ;0.000e+00
2200;Anturat ja perusmuurit;22002070(1);Pilarianturan muotitus;2,80;m2;38.00;27;75.54;  0,00  ;0;0.00;0,00;  2,40  ;6,72;  0,00  ;82
5240;Märkätilojen laatoitukset;52401010;Märkätilan seinän Vesieristys;834.17;m2;  0,00  ;  0,00  ;0.000e+00;0.000e+00;0;19,50;16 266,25;0;0,00;0,00;16266
5260;Puulistoitukset;5260101;Jalkalistoitukset  12 x 42;0.00;erä;0.00;  0,00  ;0,00;0,00;0.00;0.000e+00;0.000e+00;0.00;0;0.00;  0,00  
2500;VSS-rakenteet;25001012;MV-laatan raudoitus;1.569e+03;kg;  0,82  ;  0,89  ;1 389,16;1;1270.57;  0,00  ;0,00;0;0.00;0,00;2 659,73
5640;Tasoitelattiat (pumpputasoite);56402015;Plaanojen esivalmistelut;1 933,74;m2;38,00;0,76;1469,64;  0,00  ;0.00;0.000e+00;0;0,00;  0,00  ;0.00;  1469,64  
5530;Julkisivun pellitykset ja metalliverhoukset;55301071;Ikkunan vesipellit;190;jm;38,00;3.80;7.231e+02;2,74;  522,34  ;21,74;4136,17;0.00;0.00;  0,00  ;5 381,65
1800;Ulkovarusteet;18001015;Ulkopuoliset opasteet;0.000e+00;erä;0.000e+00;0;0;0,00;0,00;0.000e+00;0.000e+00;0;0.000e+00;0,00;  0,00  
0602;Kaukolämpöliittymä;06020;Kaukolämpöliittymä;1.00;erä;0;0,00;0.00;  8900,00  ;8 900,00;  0,00  ;0.000e+00;0.000e+00;  0,00  ;0,00;  8900,00  
2250;Sokkelielementit / sokkelikuorielementit;22501070;KE- Sokkelikuorielementtien asennus;12.00;kpl;38,00;65;  775,20  ;  27,27  ;327;0,00;0,00;0.00;0,00;0;1102,45
3120;Ontelo-, Massiivi- ja tulppalaatat;31202097;Ontelokentän timanttiporaukset 252 kpl;  0,00  ;kpl;  0,00  ;0.00;  0,00  ;  0,00  ;0.00;0,00;0,00;0.000e+00;0.00;0;0,00
5240;Märkätilojen laatoitukset;52401032;Lattialaatoituksen vesieriste;302.16;m2;  0,00  ;0.00;0;0,00;0.000e+00;1.750e+01;  5287,78  ;0,00;0.00;0,00;5288
5560;Julkisivun puu- ja levyverhoukset;55603092;Ulkoseinän Luja-A levytys 12mm;40,80;m2;38.00;15,96;6.512e+02;37.37;1.525e+03;0;0,00;0,00;0.000e+00;0.00;2175,86
2080;Perustusten vedeneristys;20801030;MP seinän pystyeriste EPS Platina 180mm;0,00;m2;0,00;0,00;0.000e+00;  0,00  ;0,00;  0,00  ;0,00;0.00;0.000e+00;0,00;0
4330;Metalliovet, -ikkunat ja lasiseinät;4330303;Alumiini-ulko-ovi 10+2 x 23M , Lasiaukolla;0.000e+00;erä;  0,00  ;0;0,00;  0,00  ;0,00;0.00;0;0,00;0.000e+00;0.00;0
2200;Anturat ja perusmuurit;22005074;PV-MP-Seinien työsaumaraudoitteet;199,51;m2;38.00;  4,94  ;985.57;15;2945;  0,00  ;0,00;0.00;0.00;0.00;3 930,61
2500;VSS-rakenteet;25001505;Kuilulaatan betonointi;0,00;m3;0;0.000e+00;0;  0,00  ;0;0,00;0.000e+00;0,00;0.00;  0,00  ;0
2500;VSS-rakenteet;25002011;Perusmuurikorotuksen muotitus;9;m2;38,00;19,00;169;0.000e+00;0,00;0.000e+00;0.00;6.600e+00;58.61;0.00;227
4100;Puu- ja muovi-ikkunat, parvekeovet;41003070;IK - (MEK)- Kiinteät ikkunat, m²-pohjainen, karmi 170/210mm;261;m2;0,00;  0,00  ;0;1.500e+02;39135,00;0,00;0.00;  0,00  ;0,00;0.00;39135
6200;Varusteet;62002023;Kuivaushuoneen-varusteet;  1,00  ;erä;  0,00  ;0;0.00;500;500;0.000e+00;  0,00  ;0,00;0,00;  0,00  ;500,00
2250;Sokkelielementit / sokkelikuorielementit;22501672;Reunavalukiinnityksen raudoitus;0,00;kg;0,00;0,00;0.00;0;0,00;  0,00  ;0,00;0,00;0,00;  0,00  ;0,00
6200;Varusteet;62002020;Sisäänkäynnin talovarusteet;  1,00  ;erä;0;0,00;0.00;730.00;730,00;0,00;0;0.00;  0,00  ;0.000e+00;730.00
5710;Saunat;57101014;Saunan AL-paperi + Koolaukset ALIURAKKANA;302;m2;0,00;0;0.00;  7,41  ;2235;14,70;4.432e+03;0,00;0.00;  0,00  ;  6666,77  
4700;Kaiteet ja parvekelasitukset;47002010;Parvekelasitus Lasikaiteen päälle ML0;165.00;jm;0.000e+00;  0,00  ;0,00;0.00;0;270;44550.00;0;0;  0,00  ;4.455e+04
3140;Hissikuiluelementit(seinä ja kuppilaat.);3140410;Hissikuilun ylälaatta;1.000e+00;erä;  0,00  ;0;0;1.100e+03;1100.00;0,00;0,00;0;0,00;0.000e+00;1 100,00
3020;Rungon teräsosat;30205282;Petra-palkin asennus;  12,00  ;kpl;38;3.040e+01;364,80;0,00;0,00;0.00;0.000e+00;0;0,00;  0,00  ;3.648e+02
4300;Puuovet;43003050;Kostean tilan väliovet, ASENNUS;50.00;kpl;0.000e+00;0.00;0,00;2.00;100,00;  44,04  ;2202;0.00;0.00;0.000e+00;2302.00
8160;Rakennussuojaus;81601601;Rakennustyön aikaiset suojaukset;  3307,50  ;brm2;38.00;0.69;2280;2,44;  8079,46  ;0,00;0,00;0,00;0.00;0,00;10359
1800;Ulkovarusteet;1800101;ULKOPUOLISET PENKIT JA PÖYDÄT, TALOVARUSTEET;  0,00  ;erä;0,00;0;0.00;0,00;  0,00  ;0,00;0.000e+00;0.00;  0,00  ;0;0
4330;Metalliovet, -ikkunat ja lasiseinät;43303030;Alumiini-ulko-ovi 10+2 x 23M, Lasiaukolla;1;kpl;  0,00  ;  0,00  ;0.000e+00;2000,00;2000.00;0,00;0.000e+00;0,00;0.000e+00;0;2000.00
5540;Julkisivumuuraus;55401026;4 krs muuratun kaiteen tuenta;0.000e+00;jm;0,00;0.00;0.000e+00;0;  0,00  ;0.00;0,00;  0,00  ;0,00;0,00;0,00
3170;Luhtikäyt.-,parveke-, parvekkeiden pielielementit;3170701;PS: M-Parvekkeen pielielementit TB200, 47,78 brm2 42nm2, 11 kpl;4.780e+01;m2;  0,00  ;0;0.00;0.000e+00;0,00;  0,00  ;0;0.00;0.000e+00;0,00;0.000e+00
5530;Julkisivun pellitykset ja metalliverhoukset;55306012;Parvekeoven vesipelti, riisipelti;3.300e+01;kpl;0.00;0;0.00;0,00;0;36,54;1205,82;0.000e+00;0,00;0.00;1206
4510;Kipsiväliseinät;4510205;Kevyt väliseinä (66+13) PSH/Kuivatila-Sauna ( PAPERIT JA KOOLAUKSET TOISAALLA );  224,70  ;m2;0,00;0.000e+00;0,00;0.000e+00;0.000e+00;0,00;0.000e+00;  0,00  ;0,00;2,70;3
3110;Väliseinäelementit;31101012;V-Väliseinäelementit TB180,;185;m2;0.000e+00;  0,00  ;0.00;80.00;14760,80;0,00;0;0.00;0.00;0;14760,80
4100;Puu- ja muovi-ikkunat, parvekeovet;41006121;RPO-Paketti18x20 Kaksiosainen   ICCUNA;  5,00  ;kpl;0,00;0.00;0;  900,00  ;4 500,00;0,00;0.000e+00;  0,00  ;0,00;0,00;  4500,00  
0552;Rakennusaikaisen vakuuden korot;0552;Rakennusaikaisen vakuuden korot;1.000e+00;erä;0.000e+00;  0,00  ;  0,00  ;0;  0,00  ;0.000e+00;0.00;  0,00  ;0;21 250,00;2.125e+04
5180;Bitumikatteet;51801023;Reuna- ja räystäspelti limiliitoksin asennettuna pural 0,5mm;8.000e+01;jm;  0,00  ;  0,00  ;0;0;0.000e+00;15,00;1200.00;0.00;  0,00  ;0.000e+00;1200
8110;Työmaarakennukset;81101101;Työmaarakennusten vuokra;  12,00  ;kk;0;0.000e+00;0.000e+00;0,00;0,00;  0,00  ;0,00;1285,00;15420.00;0,00;1.542e+04
4510;Kipsiväliseinät;45102030;Kevyen seinän runko + levytys (13+66+13);0,00;m2;0.00;  0,00  ;0,00;0,00;0,00;0.00;0.00;0;  0,00  ;0.00;  0,00  
8320;Ajoneuvonosturit;83203203;Autonosturi esim. Liebherr, Työmaasiirto;1,50;kk;  0,00  ;0.00;0;0,00;  0,00  ;  300,00  ;450,00;  0,00  ;0,00;0;4.500e+02
0100;Tontin tai osakekannan hankinta/vuokra;01001010;Tontin vuokrakustannukset;1;erä;0.000e+00;0.00;0.00;  0,00  ;0;0.000e+00;0.000e+00;0;0,00;  19555,00  ;  19555,00  
6110;Huoneistojen kalusteet;61101012;Keittiöiden lisähinnat ja tilaukset;  0,00  ;as;0;0,00;0;0.000e+00;0;0.00;  0,00  ;0.00;0,00;  0,00  ;  0,00  
2830;Sisäänkäyntitasot ja -katokset;28303272;Ulkop.-laatan raudoitus;142.94;kg;  0,82  ;0,85;122;0.83;  117,93  ;0.000e+00;0.00;  0,00  ;0;0,00;240
4300;Puuovet;4300201;Kerrostaso-ovet, Huoneisto-ovet;0,00;erä;0.00;0;0,00;0,00;0;0;0;0;0;0.00;0
2200;Anturat ja perusmuurit;22005072;PV-MP-seinän raudoitus;9554;kg;  0,82  ;0,84;  7990,88  ;7.800e-01;7452.04;0,00;0;0;0.00;0.000e+00;  15442,92  
3700;Ullakko- ja kattorakenteet;3700730;Ullakon kulkusilta;0,00;erä;0,00;0.000e+00;0.000e+00;0.00;  0,00  ;0.00;0,00;0,00;0;0,00;0.00
8170;Työturvallisuus;81701701;Työturvallisuus;1,00;erä;34,83;  4806,00  ;4806;5.362e+03;5362.50;0,00;  0,00  ;4716,00;4 716,00;0,00;  14884,50  
5540;Julkisivumuuraus;55401024;Aukon ylityspalkit Amutek;20;jm;0;0,00;0.000e+00;55,22;  1104,40  ;0.000e+00;0.000e+00;0.000e+00;0.00;0.000e+00;1104,40
2830;Sisäänkäyntitasot ja -katokset;2830371;PS: Teräspalkki IPE100, L=3450;1,00;kpl;0.000e+00;0,00;0,00;0,00;0.00;0.00;0,00;0;0,00;0,00;0
4700;Kaiteet ja parvekelasitukset;47005070;Käsijohde Porraselementti Elemento 1;0.00;jm;0,00;0.000e+00;0;0,00;0;0;0;0.000e+00;0.000e+00;0.00;0,00
5260;Puulistoitukset;52605012;Liukuovien smyygien kulmalistat;5,00;kpl;0,00;0;  0,00  ;0,00;0;44.00;  220,00  ;0.00;  0,00  ;0.00;220
8180;Telineet ja julkisivunostimet;81801804;Julkisivutelineiden avaus ja umpeen laitto;0,00;erä;0,00;0;0.000e+00;0,00;0,00;  0,00  ;0;0.00;  0,00  ;0.000e+00;  0,00  
2200;Anturat ja perusmuurit;22002077(1);Peruspulttiryhmä Pilarianturaan;1,00;kpl;  38,00  ;4,56;  4,56  ;  33,00  ;33,00;0,00;0,00;0,00;0,00;0.00;38
2830;Sisäänkäyntitasot ja -katokset;2830321;PS: Ulkop.RV-laatta TB 80..100 , ER50, Vahvennos reunassa 500/500;  14,49  ;m2;0.000e+00;0,00;  0,00  ;  0,00  ;0.00;0,00;0,00;0;0.000e+00;1.700e-01;  0,17  
5540;Julkisivumuuraus;5540102;Julkisivumuuraus 135mm, RT60;189.41;m2;0,00;0.00;  0,00  ;0,00;0.000e+00;0,00;0,00;  0,00  ;0.000e+00;0.00;0.000e+00
7100;LÄMPÖ, VESI JA VIEMÄRI;7100101;LVIA-URAKKA;43,00;as;0,00;0,00;  0,00  ;0,00;  0,00  ;11488.37;494000,00;0.00;0,00;0,00;494 000,00
4330;Metalliovet, -ikkunat ja lasiseinät;4330304;Alumiini-ulko-ovi 10 x 23M;0,00;erä;0.00;0,00;0.000e+00;0,00;0;  0,00  ;0,00;  0,00  ;0;0.00;0,00
1800;Ulkovarusteet;1800102;JÄTEHUOLTOVARUSTEET;0;erä;0.00;  0,00  ;0.000e+00;0.000e+00;0;0.00;0.000e+00;0.00;0,00;0.00;0,00
1200;Maankaivu;1200505;Rakennuksen sisätäyttö;  0,00  ;erä;0,00;0.000e+00;0,00;0,00;  0,00  ;0;0,00;  0,00  ;  0,00  ;0.00;0,00
4330;Metalliovet, -ikkunat ja lasiseinät;43301511;MLS Alumiinilasiseinä, ASENNUS;1,00;kpl;0.00;0,00;  0,00  ;0,00;0,00;510;510;0,00;0.000e+00;0,00;510,00
3700;Ullakko- ja kattorakenteet;37007311;Kattoluukun reiän teko ja tukilankut;2.000e+00;kpl;38,00;38,00;76,00;4;  8,96  ;0;0,00;0;0.00;0;  84,96  
3750;Puhallusvilla;37507016;Katon Eristys,  500 Puhallusvilla;555;m2;0;0.00;0;0.000e+00;0.000e+00;14.70;8161.85;0,00;  0,00  ;0.000e+00;8161,85
2500;VSS-rakenteet;25002013;Perusmuurikorotuksen betonointi;1;m3;38.00;14,82;9;  165,00  ;102.56;0.000e+00;0.000e+00;0,00;0.000e+00;0,00;111.78
3170;Luhtikäyt.-,parveke-, parvekkeiden pielielementit;31707013;M-Parvekkeen pielielementit TBxxx H=xxxx;47,80;m2;0,00;  0,00  ;0,00;  100,00  ;4780.00;0;0.000e+00;0;0;0,00;4 780,00
2500;VSS-rakenteet;25001205;Routamatto 100m2  Liikuntasaumaseinään;0,00;kpl;0,00;0;0.00;0,00;0.000e+00;0.000e+00;  0,00  ;0.000e+00;0,00;0,00;0,00
2250;Sokkelielementit / sokkelikuorielementit;2250141;PS: AV/AK- Sokkelielementit H=1135mm,  (TB160+100ER);33;m2;  0,00  ;  0,00  ;  0,00  ;0.00;0.000e+00;0.000e+00;0;  0,00  ;0.000e+00;0;0.000e+00
8700;Työmaan jätemaksut ja kuljetukset;87007004;Työmaan Kuorma-autokuljetukset;11,00;kk;0.000e+00;0.00;  0,00  ;0.00;0,00;260.00;2.860e+03;0,00;0,00;0;  2860,00  
2500;VSS-rakenteet;25001503;VSS-kuilun muottityö+purku+puhdistus;  0,00  ;m2;0;0;0;0,00;0.000e+00;0.00;  0,00  ;0;0.000e+00;0,00;0,00
2500;VSS-rakenteet;25001406;VSS-VP-sirpaleverkko;78.36;m2;8.200e-01;0,85;6.682e+01;3,05;2.389e+02;  0,00  ;0.00;  0,00  ;0;0.00;3.057e+02
5110;Vesikattovarusteet, tikkaat yms.;5110101;Katon vesikattovarusteet;0,00;erä;0;0.00;0,00;0.000e+00;  0,00  ;0.000e+00;0.000e+00;0;0,00;0,00;0,00
4300;Puuovet;43003012;Väliovi VO 7/10x21, laakaovi, karmi 92mm;  61,00  ;kpl;  0,00  ;0.00;  0,00  ;80;4880;0,00;  0,00  ;0;0.00;0,00;4880
5180;Bitumikatteet;518010212;Vesikate VE80, kumibitumikermein;705,00;m2;  0,00  ;0.000e+00;0;0;0,00;22,58;15915.38;0.000e+00;0.000e+00;0.000e+00;15915,38
5600;Pintabetonilattiat;56001013;PB-laatan eristys 100mm ER;516.03;m2;3.800e+01;4,79;  2470,75  ;5,27;  2720,00  ;0.000e+00;0,00;0,00;  0,00  ;  0,00  ;5191
8620;Vesilaskut;86206001;Työmaan vesi;240;m3;  0,00  ;0.00;0.000e+00;9.600e+00;  2304,00  ;0,00;0,00;0;0,00;  0,00  ;2 304,00
3140;Hissikuiluelementit(seinä ja kuppilaat.);31404102;Elementtien juotosbetoni;  3,75  ;jm;36,00;9.360e+00;35,10;1.30;5;0,00;0.000e+00;0;0,00;0,00;39,98
0900;Riskivaraus;0900;Riskivaraus projektille;0;erä;0,00;0,00;0.00;0;0,00;0,00;0.00;0.00;0,00;0;0
4330;Metalliovet, -ikkunat ja lasiseinät;43301512;Alumiinilasiseinän sisäpuolen pellitykset;29;jm;0,00;0,00;0,00;0.00;  0,00  ;6.90;202;0,00;0;0,00;201,76
2830;Sisäänkäyntitasot ja -katokset;28303704;Teräspalkin IPE asennus, omatyö;4.00;kpl;38.00;4.940e+01;198;0.000e+00;0,00;0;0.000e+00;  0,00  ;  0,00  ;0,00;197,60
2830;Sisäänkäyntitasot ja -katokset;28304014;Katon syöskytorvet;0.00;kpl;  0,00  ;0,00;0;0;0;0;0,00;0,00;0.00;0,00;0.000e+00
4330;Metalliovet, -ikkunat ja lasiseinät;43308992;Metallisen välioven pellitykset;1.040e+02;jm;0.000e+00;0.00;0,00;  0,00  ;0.00;7;718;0.000e+00;0;0,00;717.60
5180;Bitumikatteet;51801026;Vilpet asennettuna;1.000e+01;kpl;0,00;  0,00  ;0,00;0,00;0,00;180,00;  1800,00  ;0.000e+00;0,00;0,00;1800.00
3700;Ullakko- ja kattorakenteet;37007020;Kattotuolien revaukset ja tukilankkulinjat;5.552e+02;m2;0,00;0.00;0;4;2473;0;0,00;0;0,00;0.000e+00;2473.41
4330;Metalliovet, -ikkunat ja lasiseinät;4330151;MLS-Alumiinilasiseinä 8,2m x 13,8m;0;erä;0.00;0,00;0.00;0;0,00;0.000e+00;0.00;0.00;0,00;0,00;0.000e+00
5560;Julkisivun puu- ja levyverhoukset;55602018;Tuuletuskoolauksen roppauslisä eristeen läpi;39;m2;3.800e+01;3,99;157;7.000e-01;  27,58  ;  0,00  ;0.000e+00;0.00;0,00;0,00;184,79
3550;Ulkoseinät elementteinä, puu;35502020;Puu-ulkoseinäelementtien alajuoksut ja haittatyöt;103.63;jm;38;13,30;1 378,28;7,42;768,94;0.00;0.000e+00;0,00;  0,00  ;0,00;  2147,22  
3150;Porraselementit;31505070;Porraselementin asennus;5,00;kpl;38,00;9.880e+01;  494,00  ;  0,00  ;0.000e+00;135;675.00;0,00;0.000e+00;  0,00  ;1169,00
